{
    "min_value": -1.1670737266540527,
    "max_value": 1.1063027381896973,
    "frame_count": 38,
    "vertex_count": 990,
    "steps": [
        0,
        22
    ]
}