{"min_value": -1.1670737266540527, "max_value": 0.9072897434234619, "frame_count": 20, "vertex_count": 2476}