{"min_value": -0.28779685497283936, "max_value": 1.064258098602295, "frame_count": 14, "vertex_count": 2476}